"region";"kvartal";"statistikkvariabel";"value"
"01 Østfold";"2019K2";"population";297898
"01 Østfold";"2019K2";"born";691
"01 Østfold";"2019K2";"dead";628
"01 Østfold";"2019K2";"Fødselsoverskot";63
"01 Østfold";"2019K2";"Innvandring";467
"01 Østfold";"2019K2";"Utvandring";218
"01 Østfold";"2019K2";"Innflytting, innalandsk";2203
"01 Østfold";"2019K2";"Utflytting, innalandsk";1370
"01 Østfold";"2019K2";"Nettoinnflytting, inkl. inn- og utvandring";1082
"01 Østfold";"2019K2";"Folkevekst";1145
"01 Østfold";"2019K2";"Befolkning ved utgangen av kvartalet";299043
"02 Akershus";"2019K2";"population";626050
"02 Akershus";"2019K2";"born";1704
"02 Akershus";"2019K2";"dead";973
"02 Akershus";"2019K2";"Fødselsoverskot";731
"02 Akershus";"2019K2";"Innvandring";1296
"02 Akershus";"2019K2";"Utvandring";700
"02 Akershus";"2019K2";"Innflytting, innalandsk";6691
"02 Akershus";"2019K2";"Utflytting, innalandsk";5322
"02 Akershus";"2019K2";"Nettoinnflytting, inkl. inn- og utvandring";1965
"02 Akershus";"2019K2";"Folkevekst";2696
"02 Akershus";"2019K2";"Befolkning ved utgangen av kvartalet";628746
"03 Oslo";"2019K2";"population";683947
"03 Oslo";"2019K2";"born";2490
"03 Oslo";"2019K2";"dead";892
"03 Oslo";"2019K2";"Fødselsoverskot";1598
"03 Oslo";"2019K2";"Innvandring";2613
"03 Oslo";"2019K2";"Utvandring";1563
"03 Oslo";"2019K2";"Innflytting, innalandsk";7074
"03 Oslo";"2019K2";"Utflytting, innalandsk";7858
"03 Oslo";"2019K2";"Nettoinnflytting, inkl. inn- og utvandring";266
"03 Oslo";"2019K2";"Folkevekst";1864
"03 Oslo";"2019K2";"Befolkning ved utgangen av kvartalet";685811
"04 Hedmark";"2019K2";"population";197533
"04 Hedmark";"2019K2";"born";409
"04 Hedmark";"2019K2";"dead";519
"04 Hedmark";"2019K2";"Fødselsoverskot";-110
"04 Hedmark";"2019K2";"Innvandring";226
"04 Hedmark";"2019K2";"Utvandring";136
"04 Hedmark";"2019K2";"Innflytting, innalandsk";1246
"04 Hedmark";"2019K2";"Utflytting, innalandsk";1188
"04 Hedmark";"2019K2";"Nettoinnflytting, inkl. inn- og utvandring";148
"04 Hedmark";"2019K2";"Folkevekst";38
"04 Hedmark";"2019K2";"Befolkning ved utgangen av kvartalet";197571
"05 Oppland";"2019K2";"population";189472
"05 Oppland";"2019K2";"born";400
"05 Oppland";"2019K2";"dead";447
"05 Oppland";"2019K2";"Fødselsoverskot";-47
"05 Oppland";"2019K2";"Innvandring";247
"05 Oppland";"2019K2";"Utvandring";110
"05 Oppland";"2019K2";"Innflytting, innalandsk";1091
"05 Oppland";"2019K2";"Utflytting, innalandsk";1310
"05 Oppland";"2019K2";"Nettoinnflytting, inkl. inn- og utvandring";-82
"05 Oppland";"2019K2";"Folkevekst";-129
"05 Oppland";"2019K2";"Befolkning ved utgangen av kvartalet";189343
"06 Buskerud";"2019K2";"population";283670
"06 Buskerud";"2019K2";"born";672
"06 Buskerud";"2019K2";"dead";560
"06 Buskerud";"2019K2";"Fødselsoverskot";112
"06 Buskerud";"2019K2";"Innvandring";492
"06 Buskerud";"2019K2";"Utvandring";231
"06 Buskerud";"2019K2";"Innflytting, innalandsk";2252
"06 Buskerud";"2019K2";"Utflytting, innalandsk";1925
"06 Buskerud";"2019K2";"Nettoinnflytting, inkl. inn- og utvandring";588
"06 Buskerud";"2019K2";"Folkevekst";700
"06 Buskerud";"2019K2";"Befolkning ved utgangen av kvartalet";284370
"07 Vestfold";"2019K2";"population";251134
"07 Vestfold";"2019K2";"born";570
"07 Vestfold";"2019K2";"dead";450
"07 Vestfold";"2019K2";"Fødselsoverskot";120
"07 Vestfold";"2019K2";"Innvandring";353
"07 Vestfold";"2019K2";"Utvandring";197
"07 Vestfold";"2019K2";"Innflytting, innalandsk";1862
"07 Vestfold";"2019K2";"Utflytting, innalandsk";1402
"07 Vestfold";"2019K2";"Nettoinnflytting, inkl. inn- og utvandring";616
"07 Vestfold";"2019K2";"Folkevekst";736
"07 Vestfold";"2019K2";"Befolkning ved utgangen av kvartalet";251870
"08 Telemark";"2019K2";"population";173243
"08 Telemark";"2019K2";"born";375
"08 Telemark";"2019K2";"dead";399
"08 Telemark";"2019K2";"Fødselsoverskot";-24
"08 Telemark";"2019K2";"Innvandring";232
"08 Telemark";"2019K2";"Utvandring";109
"08 Telemark";"2019K2";"Innflytting, innalandsk";919
"08 Telemark";"2019K2";"Utflytting, innalandsk";892
"08 Telemark";"2019K2";"Nettoinnflytting, inkl. inn- og utvandring";150
"08 Telemark";"2019K2";"Folkevekst";126
"08 Telemark";"2019K2";"Befolkning ved utgangen av kvartalet";173369
"09 Aust-Agder";"2019K2";"population";117734
"09 Aust-Agder";"2019K2";"born";262
"09 Aust-Agder";"2019K2";"dead";263
"09 Aust-Agder";"2019K2";"Fødselsoverskot";-1
"09 Aust-Agder";"2019K2";"Innvandring";178
"09 Aust-Agder";"2019K2";"Utvandring";98
"09 Aust-Agder";"2019K2";"Innflytting, innalandsk";787
"09 Aust-Agder";"2019K2";"Utflytting, innalandsk";673
"09 Aust-Agder";"2019K2";"Nettoinnflytting, inkl. inn- og utvandring";194
"09 Aust-Agder";"2019K2";"Folkevekst";193
"09 Aust-Agder";"2019K2";"Befolkning ved utgangen av kvartalet";117927
"10 Vest-Agder";"2019K2";"population";187868
"10 Vest-Agder";"2019K2";"born";524
"10 Vest-Agder";"2019K2";"dead";327
"10 Vest-Agder";"2019K2";"Fødselsoverskot";197
"10 Vest-Agder";"2019K2";"Innvandring";304
"10 Vest-Agder";"2019K2";"Utvandring";217
"10 Vest-Agder";"2019K2";"Innflytting, innalandsk";1097
"10 Vest-Agder";"2019K2";"Utflytting, innalandsk";1279
"10 Vest-Agder";"2019K2";"Nettoinnflytting, inkl. inn- og utvandring";-95
"10 Vest-Agder";"2019K2";"Folkevekst";102
"10 Vest-Agder";"2019K2";"Befolkning ved utgangen av kvartalet";187970
"11 Rogaland";"2019K2";"population";476888
"11 Rogaland";"2019K2";"born";1388
"11 Rogaland";"2019K2";"dead";754
"11 Rogaland";"2019K2";"Fødselsoverskot";634
"11 Rogaland";"2019K2";"Innvandring";1035
"11 Rogaland";"2019K2";"Utvandring";659
"11 Rogaland";"2019K2";"Innflytting, innalandsk";1625
"11 Rogaland";"2019K2";"Utflytting, innalandsk";1652
"11 Rogaland";"2019K2";"Nettoinnflytting, inkl. inn- og utvandring";349
"11 Rogaland";"2019K2";"Folkevekst";983
"11 Rogaland";"2019K2";"Befolkning ved utgangen av kvartalet";477871
"12 Hordaland";"2019K2";"population";525374
"12 Hordaland";"2019K2";"born";1472
"12 Hordaland";"2019K2";"dead";921
"12 Hordaland";"2019K2";"Fødselsoverskot";551
"12 Hordaland";"2019K2";"Innvandring";901
"12 Hordaland";"2019K2";"Utvandring";615
"12 Hordaland";"2019K2";"Innflytting, innalandsk";1845
"12 Hordaland";"2019K2";"Utflytting, innalandsk";2089
"12 Hordaland";"2019K2";"Nettoinnflytting, inkl. inn- og utvandring";42
"12 Hordaland";"2019K2";"Folkevekst";593
"12 Hordaland";"2019K2";"Befolkning ved utgangen av kvartalet";525967
"14 Sogn og Fjordane";"2019K2";"population";109732
"14 Sogn og Fjordane";"2019K2";"born";279
"14 Sogn og Fjordane";"2019K2";"dead";227
"14 Sogn og Fjordane";"2019K2";"Fødselsoverskot";52
"14 Sogn og Fjordane";"2019K2";"Innvandring";190
"14 Sogn og Fjordane";"2019K2";"Utvandring";62
"14 Sogn og Fjordane";"2019K2";"Innflytting, innalandsk";451
"14 Sogn og Fjordane";"2019K2";"Utflytting, innalandsk";606
"14 Sogn og Fjordane";"2019K2";"Nettoinnflytting, inkl. inn- og utvandring";-27
"14 Sogn og Fjordane";"2019K2";"Folkevekst";25
"14 Sogn og Fjordane";"2019K2";"Befolkning ved utgangen av kvartalet";109757
"15 Møre og Romsdal";"2019K2";"population";265485
"15 Møre og Romsdal";"2019K2";"born";685
"15 Møre og Romsdal";"2019K2";"dead";550
"15 Møre og Romsdal";"2019K2";"Fødselsoverskot";135
"15 Møre og Romsdal";"2019K2";"Innvandring";374
"15 Møre og Romsdal";"2019K2";"Utvandring";222
"15 Møre og Romsdal";"2019K2";"Innflytting, innalandsk";936
"15 Møre og Romsdal";"2019K2";"Utflytting, innalandsk";1114
"15 Møre og Romsdal";"2019K2";"Nettoinnflytting, inkl. inn- og utvandring";-26
"15 Møre og Romsdal";"2019K2";"Folkevekst";109
"15 Møre og Romsdal";"2019K2";"Befolkning ved utgangen av kvartalet";265594
"50 Trøndelag";"2019K2";"population";464680
"50 Trøndelag";"2019K2";"born";1225
"50 Trøndelag";"2019K2";"dead";869
"50 Trøndelag";"2019K2";"Fødselsoverskot";356
"50 Trøndelag";"2019K2";"Innvandring";821
"50 Trøndelag";"2019K2";"Utvandring";451
"50 Trøndelag";"2019K2";"Innflytting, innalandsk";1777
"50 Trøndelag";"2019K2";"Utflytting, innalandsk";2197
"50 Trøndelag";"2019K2";"Nettoinnflytting, inkl. inn- og utvandring";-50
"50 Trøndelag";"2019K2";"Folkevekst";306
"50 Trøndelag";"2019K2";"Befolkning ved utgangen av kvartalet";464986
"18 Nordland";"2019K2";"population";243107
"18 Nordland";"2019K2";"born";543
"18 Nordland";"2019K2";"dead";528
"18 Nordland";"2019K2";"Fødselsoverskot";15
"18 Nordland";"2019K2";"Innvandring";423
"18 Nordland";"2019K2";"Utvandring";136
"18 Nordland";"2019K2";"Innflytting, innalandsk";1026
"18 Nordland";"2019K2";"Utflytting, innalandsk";1285
"18 Nordland";"2019K2";"Nettoinnflytting, inkl. inn- og utvandring";28
"18 Nordland";"2019K2";"Folkevekst";43
"18 Nordland";"2019K2";"Befolkning ved utgangen av kvartalet";243150
"19 Troms - Romsa";"2019K2";"population";166941
"19 Troms - Romsa";"2019K2";"born";387
"19 Troms - Romsa";"2019K2";"dead";355
"19 Troms - Romsa";"2019K2";"Fødselsoverskot";32
"19 Troms - Romsa";"2019K2";"Innvandring";333
"19 Troms - Romsa";"2019K2";"Utvandring";155
"19 Troms - Romsa";"2019K2";"Innflytting, innalandsk";749
"19 Troms - Romsa";"2019K2";"Utflytting, innalandsk";1357
"19 Troms - Romsa";"2019K2";"Nettoinnflytting, inkl. inn- og utvandring";-430
"19 Troms - Romsa";"2019K2";"Folkevekst";-398
"19 Troms - Romsa";"2019K2";"Befolkning ved utgangen av kvartalet";166543
"20 Finnmark - Finnmárku";"2019K2";"population";75738
"20 Finnmark - Finnmárku";"2019K2";"born";170
"20 Finnmark - Finnmárku";"2019K2";"dead";180
"20 Finnmark - Finnmárku";"2019K2";"Fødselsoverskot";-10
"20 Finnmark - Finnmárku";"2019K2";"Innvandring";156
"20 Finnmark - Finnmárku";"2019K2";"Utvandring";58
"20 Finnmark - Finnmárku";"2019K2";"Innflytting, innalandsk";484
"20 Finnmark - Finnmárku";"2019K2";"Utflytting, innalandsk";599
"20 Finnmark - Finnmárku";"2019K2";"Nettoinnflytting, inkl. inn- og utvandring";-17
"20 Finnmark - Finnmárku";"2019K2";"Folkevekst";-27
"20 Finnmark - Finnmárku";"2019K2";"Befolkning ved utgangen av kvartalet";75711