"alder";"gender";"year";"statvar";"pop"
"F100G5+ 100 år eller eldre";"1 Menn";"1846";"Personer";15
"F100G5+ 100 år eller eldre";"1 Menn";"1847";"Personer";4
"F100G5+ 100 år eller eldre";"1 Menn";"1848";"Personer";6
"F100G5+ 100 år eller eldre";"1 Menn";"1849";"Personer";10
"F100G5+ 100 år eller eldre";"1 Menn";"1850";"Personer";16
"F100G5+ 100 år eller eldre";"1 Menn";"1851";"Personer";11
"F100G5+ 100 år eller eldre";"1 Menn";"1852";"Personer";2
"F100G5+ 100 år eller eldre";"1 Menn";"1853";"Personer";4
"F100G5+ 100 år eller eldre";"1 Menn";"1854";"Personer";3
"F100G5+ 100 år eller eldre";"1 Menn";"1855";"Personer";3
"F100G5+ 100 år eller eldre";"1 Menn";"1856";"Personer";8
"F100G5+ 100 år eller eldre";"1 Menn";"1857";"Personer";0
"F100G5+ 100 år eller eldre";"1 Menn";"1858";"Personer";0
"F100G5+ 100 år eller eldre";"1 Menn";"1859";"Personer";2
"F100G5+ 100 år eller eldre";"1 Menn";"1860";"Personer";3
"F100G5+ 100 år eller eldre";"1 Menn";"1861";"Personer";4
"F100G5+ 100 år eller eldre";"1 Menn";"1862";"Personer";5
"F100G5+ 100 år eller eldre";"1 Menn";"1863";"Personer";8
"F100G5+ 100 år eller eldre";"1 Menn";"1864";"Personer";12
"F100G5+ 100 år eller eldre";"1 Menn";"1865";"Personer";17
"F100G5+ 100 år eller eldre";"1 Menn";"1866";"Personer";7
"F100G5+ 100 år eller eldre";"1 Menn";"1867";"Personer";5
"F100G5+ 100 år eller eldre";"1 Menn";"1868";"Personer";8
"F100G5+ 100 år eller eldre";"1 Menn";"1869";"Personer";13
"F100G5+ 100 år eller eldre";"1 Menn";"1870";"Personer";13
"F100G5+ 100 år eller eldre";"1 Menn";"1871";"Personer";9
"F100G5+ 100 år eller eldre";"1 Menn";"1872";"Personer";11
"F100G5+ 100 år eller eldre";"1 Menn";"1873";"Personer";13
"F100G5+ 100 år eller eldre";"1 Menn";"1874";"Personer";15
"F100G5+ 100 år eller eldre";"1 Menn";"1875";"Personer";14
"F100G5+ 100 år eller eldre";"1 Menn";"1876";"Personer";21
"F100G5+ 100 år eller eldre";"1 Menn";"1877";"Personer";12
"F100G5+ 100 år eller eldre";"1 Menn";"1878";"Personer";7
"F100G5+ 100 år eller eldre";"1 Menn";"1879";"Personer";8
"F100G5+ 100 år eller eldre";"1 Menn";"1880";"Personer";8
"F100G5+ 100 år eller eldre";"1 Menn";"1881";"Personer";8
"F100G5+ 100 år eller eldre";"1 Menn";"1882";"Personer";4
"F100G5+ 100 år eller eldre";"1 Menn";"1883";"Personer";2
"F100G5+ 100 år eller eldre";"1 Menn";"1884";"Personer";3
"F100G5+ 100 år eller eldre";"1 Menn";"1885";"Personer";2
"F100G5+ 100 år eller eldre";"1 Menn";"1886";"Personer";3
"F100G5+ 100 år eller eldre";"1 Menn";"1887";"Personer";4
"F100G5+ 100 år eller eldre";"1 Menn";"1888";"Personer";4
"F100G5+ 100 år eller eldre";"1 Menn";"1889";"Personer";6
"F100G5+ 100 år eller eldre";"1 Menn";"1890";"Personer";6
"F100G5+ 100 år eller eldre";"1 Menn";"1891";"Personer";3
"F100G5+ 100 år eller eldre";"1 Menn";"1892";"Personer";4
"F100G5+ 100 år eller eldre";"1 Menn";"1893";"Personer";1
"F100G5+ 100 år eller eldre";"1 Menn";"1894";"Personer";5
"F100G5+ 100 år eller eldre";"1 Menn";"1895";"Personer";13
"F100G5+ 100 år eller eldre";"1 Menn";"1896";"Personer";14
"F100G5+ 100 år eller eldre";"1 Menn";"1897";"Personer";14
"F100G5+ 100 år eller eldre";"1 Menn";"1898";"Personer";16
"F100G5+ 100 år eller eldre";"1 Menn";"1899";"Personer";10
"F100G5+ 100 år eller eldre";"1 Menn";"1900";"Personer";12
"F100G5+ 100 år eller eldre";"1 Menn";"1901";"Personer";4
"F100G5+ 100 år eller eldre";"1 Menn";"1902";"Personer";8
"F100G5+ 100 år eller eldre";"1 Menn";"1903";"Personer";9
"F100G5+ 100 år eller eldre";"1 Menn";"1904";"Personer";13
"F100G5+ 100 år eller eldre";"1 Menn";"1905";"Personer";13
"F100G5+ 100 år eller eldre";"1 Menn";"1906";"Personer";20
"F100G5+ 100 år eller eldre";"1 Menn";"1907";"Personer";19
"F100G5+ 100 år eller eldre";"1 Menn";"1908";"Personer";18
"F100G5+ 100 år eller eldre";"1 Menn";"1909";"Personer";19
"F100G5+ 100 år eller eldre";"1 Menn";"1910";"Personer";15
"F100G5+ 100 år eller eldre";"1 Menn";"1911";"Personer";6
"F100G5+ 100 år eller eldre";"1 Menn";"1912";"Personer";6
"F100G5+ 100 år eller eldre";"1 Menn";"1913";"Personer";3
"F100G5+ 100 år eller eldre";"1 Menn";"1914";"Personer";5
"F100G5+ 100 år eller eldre";"1 Menn";"1915";"Personer";2
"F100G5+ 100 år eller eldre";"1 Menn";"1916";"Personer";1
"F100G5+ 100 år eller eldre";"1 Menn";"1917";"Personer";1
"F100G5+ 100 år eller eldre";"1 Menn";"1918";"Personer";6
"F100G5+ 100 år eller eldre";"1 Menn";"1919";"Personer";5
"F100G5+ 100 år eller eldre";"1 Menn";"1920";"Personer";4
"F100G5+ 100 år eller eldre";"1 Menn";"1921";"Personer";6
"F100G5+ 100 år eller eldre";"1 Menn";"1922";"Personer";9
"F100G5+ 100 år eller eldre";"1 Menn";"1923";"Personer";7
"F100G5+ 100 år eller eldre";"1 Menn";"1924";"Personer";13
"F100G5+ 100 år eller eldre";"1 Menn";"1925";"Personer";12
"F100G5+ 100 år eller eldre";"1 Menn";"1926";"Personer";10
"F100G5+ 100 år eller eldre";"1 Menn";"1927";"Personer";13
"F100G5+ 100 år eller eldre";"1 Menn";"1928";"Personer";13
"F100G5+ 100 år eller eldre";"1 Menn";"1929";"Personer";9
"F100G5+ 100 år eller eldre";"1 Menn";"1930";"Personer";9
"F100G5+ 100 år eller eldre";"1 Menn";"1931";"Personer";9
"F100G5+ 100 år eller eldre";"1 Menn";"1932";"Personer";12
"F100G5+ 100 år eller eldre";"1 Menn";"1933";"Personer";15
"F100G5+ 100 år eller eldre";"1 Menn";"1934";"Personer";17
"F100G5+ 100 år eller eldre";"1 Menn";"1935";"Personer";17
"F100G5+ 100 år eller eldre";"1 Menn";"1936";"Personer";24
"F100G5+ 100 år eller eldre";"1 Menn";"1937";"Personer";19
"F100G5+ 100 år eller eldre";"1 Menn";"1938";"Personer";24
"F100G5+ 100 år eller eldre";"1 Menn";"1939";"Personer";23
"F100G5+ 100 år eller eldre";"1 Menn";"1940";"Personer";23
"F100G5+ 100 år eller eldre";"1 Menn";"1941";"Personer";32
"F100G5+ 100 år eller eldre";"1 Menn";"1942";"Personer";12
"F100G5+ 100 år eller eldre";"1 Menn";"1943";"Personer";12
"F100G5+ 100 år eller eldre";"1 Menn";"1944";"Personer";23
"F100G5+ 100 år eller eldre";"1 Menn";"1945";"Personer";32
"F100G5+ 100 år eller eldre";"1 Menn";"1946";"Personer";32
"F100G5+ 100 år eller eldre";"1 Menn";"1947";"Personer";16
"F100G5+ 100 år eller eldre";"1 Menn";"1948";"Personer";20
"F100G5+ 100 år eller eldre";"1 Menn";"1949";"Personer";22
"F100G5+ 100 år eller eldre";"1 Menn";"1950";"Personer";19
"F100G5+ 100 år eller eldre";"1 Menn";"1951";"Personer";17
"F100G5+ 100 år eller eldre";"1 Menn";"1952";"Personer";20
"F100G5+ 100 år eller eldre";"1 Menn";"1953";"Personer";22
"F100G5+ 100 år eller eldre";"1 Menn";"1954";"Personer";28
"F100G5+ 100 år eller eldre";"1 Menn";"1955";"Personer";42
"F100G5+ 100 år eller eldre";"1 Menn";"1956";"Personer";38
"F100G5+ 100 år eller eldre";"1 Menn";"1957";"Personer";45
"F100G5+ 100 år eller eldre";"1 Menn";"1958";"Personer";39
"F100G5+ 100 år eller eldre";"1 Menn";"1959";"Personer";27
"F100G5+ 100 år eller eldre";"1 Menn";"1960";"Personer";21
"F100G5+ 100 år eller eldre";"1 Menn";"1961";"Personer";7
"F100G5+ 100 år eller eldre";"1 Menn";"1962";"Personer";12
"F100G5+ 100 år eller eldre";"1 Menn";"1963";"Personer";18
"F100G5+ 100 år eller eldre";"1 Menn";"1964";"Personer";12
"F100G5+ 100 år eller eldre";"1 Menn";"1965";"Personer";18
"F100G5+ 100 år eller eldre";"1 Menn";"1966";"Personer";18
"F100G5+ 100 år eller eldre";"1 Menn";"1967";"Personer";29
"F100G5+ 100 år eller eldre";"1 Menn";"1968";"Personer";25
"F100G5+ 100 år eller eldre";"1 Menn";"1969";"Personer";28
"F100G5+ 100 år eller eldre";"1 Menn";"1970";"Personer";24
"F100G5+ 100 år eller eldre";"1 Menn";"1971";"Personer";33
"F100G5+ 100 år eller eldre";"1 Menn";"1972";"Personer";31
"F100G5+ 100 år eller eldre";"1 Menn";"1973";"Personer";41
"F100G5+ 100 år eller eldre";"1 Menn";"1974";"Personer";34
"F100G5+ 100 år eller eldre";"1 Menn";"1975";"Personer";36
"F100G5+ 100 år eller eldre";"1 Menn";"1976";"Personer";49
"F100G5+ 100 år eller eldre";"1 Menn";"1977";"Personer";51
"F100G5+ 100 år eller eldre";"1 Menn";"1978";"Personer";50
"F100G5+ 100 år eller eldre";"1 Menn";"1979";"Personer";48
"F100G5+ 100 år eller eldre";"1 Menn";"1980";"Personer";46
"F100G5+ 100 år eller eldre";"1 Menn";"1981";"Personer";40
"F100G5+ 100 år eller eldre";"1 Menn";"1982";"Personer";43
"F100G5+ 100 år eller eldre";"1 Menn";"1983";"Personer";47
"F100G5+ 100 år eller eldre";"1 Menn";"1984";"Personer";49
"F100G5+ 100 år eller eldre";"1 Menn";"1985";"Personer";58
"F100G5+ 100 år eller eldre";"1 Menn";"1986";"Personer";56
"F100G5+ 100 år eller eldre";"1 Menn";"1987";"Personer";66
"F100G5+ 100 år eller eldre";"1 Menn";"1988";"Personer";72
"F100G5+ 100 år eller eldre";"1 Menn";"1989";"Personer";75
"F100G5+ 100 år eller eldre";"1 Menn";"1990";"Personer";74
"F100G5+ 100 år eller eldre";"1 Menn";"1991";"Personer";66
"F100G5+ 100 år eller eldre";"1 Menn";"1992";"Personer";67
"F100G5+ 100 år eller eldre";"1 Menn";"1993";"Personer";72
"F100G5+ 100 år eller eldre";"1 Menn";"1994";"Personer";80
"F100G5+ 100 år eller eldre";"1 Menn";"1995";"Personer";85
"F100G5+ 100 år eller eldre";"1 Menn";"1996";"Personer";96
"F100G5+ 100 år eller eldre";"1 Menn";"1997";"Personer";98
"F100G5+ 100 år eller eldre";"1 Menn";"1998";"Personer";92
"F100G5+ 100 år eller eldre";"1 Menn";"1999";"Personer";89
"F100G5+ 100 år eller eldre";"1 Menn";"2000";"Personer";81
"F100G5+ 100 år eller eldre";"1 Menn";"2001";"Personer";79
"F100G5+ 100 år eller eldre";"1 Menn";"2002";"Personer";89
"F100G5+ 100 år eller eldre";"1 Menn";"2003";"Personer";89
"F100G5+ 100 år eller eldre";"1 Menn";"2004";"Personer";85
"F100G5+ 100 år eller eldre";"1 Menn";"2005";"Personer";83
"F100G5+ 100 år eller eldre";"1 Menn";"2006";"Personer";97
"F100G5+ 100 år eller eldre";"1 Menn";"2007";"Personer";108
"F100G5+ 100 år eller eldre";"1 Menn";"2008";"Personer";106
"F100G5+ 100 år eller eldre";"1 Menn";"2009";"Personer";105
"F100G5+ 100 år eller eldre";"1 Menn";"2010";"Personer";103
"F100G5+ 100 år eller eldre";"1 Menn";"2011";"Personer";103
"F100G5+ 100 år eller eldre";"1 Menn";"2012";"Personer";119
"F100G5+ 100 år eller eldre";"1 Menn";"2013";"Personer";143
"F100G5+ 100 år eller eldre";"1 Menn";"2014";"Personer";145
"F100G5+ 100 år eller eldre";"1 Menn";"2015";"Personer";157
"F100G5+ 100 år eller eldre";"1 Menn";"2016";"Personer";154
"F100G5+ 100 år eller eldre";"1 Menn";"2017";"Personer";150
"F100G5+ 100 år eller eldre";"1 Menn";"2018";"Personer";174
"F100G5+ 100 år eller eldre";"2 Kvinner";"1846";"Personer";27
"F100G5+ 100 år eller eldre";"2 Kvinner";"1847";"Personer";12
"F100G5+ 100 år eller eldre";"2 Kvinner";"1848";"Personer";14
"F100G5+ 100 år eller eldre";"2 Kvinner";"1849";"Personer";14
"F100G5+ 100 år eller eldre";"2 Kvinner";"1850";"Personer";12
"F100G5+ 100 år eller eldre";"2 Kvinner";"1851";"Personer";5
"F100G5+ 100 år eller eldre";"2 Kvinner";"1852";"Personer";5
"F100G5+ 100 år eller eldre";"2 Kvinner";"1853";"Personer";3
"F100G5+ 100 år eller eldre";"2 Kvinner";"1854";"Personer";4
"F100G5+ 100 år eller eldre";"2 Kvinner";"1855";"Personer";7
"F100G5+ 100 år eller eldre";"2 Kvinner";"1856";"Personer";22
"F100G5+ 100 år eller eldre";"2 Kvinner";"1857";"Personer";3
"F100G5+ 100 år eller eldre";"2 Kvinner";"1858";"Personer";3
"F100G5+ 100 år eller eldre";"2 Kvinner";"1859";"Personer";5
"F100G5+ 100 år eller eldre";"2 Kvinner";"1860";"Personer";8
"F100G5+ 100 år eller eldre";"2 Kvinner";"1861";"Personer";10
"F100G5+ 100 år eller eldre";"2 Kvinner";"1862";"Personer";13
"F100G5+ 100 år eller eldre";"2 Kvinner";"1863";"Personer";17
"F100G5+ 100 år eller eldre";"2 Kvinner";"1864";"Personer";24
"F100G5+ 100 år eller eldre";"2 Kvinner";"1865";"Personer";33
"F100G5+ 100 år eller eldre";"2 Kvinner";"1866";"Personer";17
"F100G5+ 100 år eller eldre";"2 Kvinner";"1867";"Personer";14
"F100G5+ 100 år eller eldre";"2 Kvinner";"1868";"Personer";33
"F100G5+ 100 år eller eldre";"2 Kvinner";"1869";"Personer";49
"F100G5+ 100 år eller eldre";"2 Kvinner";"1870";"Personer";65
"F100G5+ 100 år eller eldre";"2 Kvinner";"1871";"Personer";23
"F100G5+ 100 år eller eldre";"2 Kvinner";"1872";"Personer";26
"F100G5+ 100 år eller eldre";"2 Kvinner";"1873";"Personer";34
"F100G5+ 100 år eller eldre";"2 Kvinner";"1874";"Personer";38
"F100G5+ 100 år eller eldre";"2 Kvinner";"1875";"Personer";44
"F100G5+ 100 år eller eldre";"2 Kvinner";"1876";"Personer";56
"F100G5+ 100 år eller eldre";"2 Kvinner";"1877";"Personer";30
"F100G5+ 100 år eller eldre";"2 Kvinner";"1878";"Personer";16
"F100G5+ 100 år eller eldre";"2 Kvinner";"1879";"Personer";15
"F100G5+ 100 år eller eldre";"2 Kvinner";"1880";"Personer";18
"F100G5+ 100 år eller eldre";"2 Kvinner";"1881";"Personer";15
"F100G5+ 100 år eller eldre";"2 Kvinner";"1882";"Personer";13
"F100G5+ 100 år eller eldre";"2 Kvinner";"1883";"Personer";18
"F100G5+ 100 år eller eldre";"2 Kvinner";"1884";"Personer";18
"F100G5+ 100 år eller eldre";"2 Kvinner";"1885";"Personer";9
"F100G5+ 100 år eller eldre";"2 Kvinner";"1886";"Personer";8
"F100G5+ 100 år eller eldre";"2 Kvinner";"1887";"Personer";8
"F100G5+ 100 år eller eldre";"2 Kvinner";"1888";"Personer";7
"F100G5+ 100 år eller eldre";"2 Kvinner";"1889";"Personer";11
"F100G5+ 100 år eller eldre";"2 Kvinner";"1890";"Personer";11
"F100G5+ 100 år eller eldre";"2 Kvinner";"1891";"Personer";12
"F100G5+ 100 år eller eldre";"2 Kvinner";"1892";"Personer";19
"F100G5+ 100 år eller eldre";"2 Kvinner";"1893";"Personer";26
"F100G5+ 100 år eller eldre";"2 Kvinner";"1894";"Personer";31
"F100G5+ 100 år eller eldre";"2 Kvinner";"1895";"Personer";40
"F100G5+ 100 år eller eldre";"2 Kvinner";"1896";"Personer";30
"F100G5+ 100 år eller eldre";"2 Kvinner";"1897";"Personer";33
"F100G5+ 100 år eller eldre";"2 Kvinner";"1898";"Personer";31
"F100G5+ 100 år eller eldre";"2 Kvinner";"1899";"Personer";23
"F100G5+ 100 år eller eldre";"2 Kvinner";"1900";"Personer";25
"F100G5+ 100 år eller eldre";"2 Kvinner";"1901";"Personer";8
"F100G5+ 100 år eller eldre";"2 Kvinner";"1902";"Personer";11
"F100G5+ 100 år eller eldre";"2 Kvinner";"1903";"Personer";20
"F100G5+ 100 år eller eldre";"2 Kvinner";"1904";"Personer";24
"F100G5+ 100 år eller eldre";"2 Kvinner";"1905";"Personer";27
"F100G5+ 100 år eller eldre";"2 Kvinner";"1906";"Personer";29
"F100G5+ 100 år eller eldre";"2 Kvinner";"1907";"Personer";35
"F100G5+ 100 år eller eldre";"2 Kvinner";"1908";"Personer";33
"F100G5+ 100 år eller eldre";"2 Kvinner";"1909";"Personer";27
"F100G5+ 100 år eller eldre";"2 Kvinner";"1910";"Personer";24
"F100G5+ 100 år eller eldre";"2 Kvinner";"1911";"Personer";11
"F100G5+ 100 år eller eldre";"2 Kvinner";"1912";"Personer";13
"F100G5+ 100 år eller eldre";"2 Kvinner";"1913";"Personer";10
"F100G5+ 100 år eller eldre";"2 Kvinner";"1914";"Personer";13
"F100G5+ 100 år eller eldre";"2 Kvinner";"1915";"Personer";16
"F100G5+ 100 år eller eldre";"2 Kvinner";"1916";"Personer";14
"F100G5+ 100 år eller eldre";"2 Kvinner";"1917";"Personer";27
"F100G5+ 100 år eller eldre";"2 Kvinner";"1918";"Personer";35
"F100G5+ 100 år eller eldre";"2 Kvinner";"1919";"Personer";24
"F100G5+ 100 år eller eldre";"2 Kvinner";"1920";"Personer";22
"F100G5+ 100 år eller eldre";"2 Kvinner";"1921";"Personer";22
"F100G5+ 100 år eller eldre";"2 Kvinner";"1922";"Personer";27
"F100G5+ 100 år eller eldre";"2 Kvinner";"1923";"Personer";29
"F100G5+ 100 år eller eldre";"2 Kvinner";"1924";"Personer";21
"F100G5+ 100 år eller eldre";"2 Kvinner";"1925";"Personer";21
"F100G5+ 100 år eller eldre";"2 Kvinner";"1926";"Personer";20
"F100G5+ 100 år eller eldre";"2 Kvinner";"1927";"Personer";21
"F100G5+ 100 år eller eldre";"2 Kvinner";"1928";"Personer";22
"F100G5+ 100 år eller eldre";"2 Kvinner";"1929";"Personer";24
"F100G5+ 100 år eller eldre";"2 Kvinner";"1930";"Personer";23
"F100G5+ 100 år eller eldre";"2 Kvinner";"1931";"Personer";27
"F100G5+ 100 år eller eldre";"2 Kvinner";"1932";"Personer";31
"F100G5+ 100 år eller eldre";"2 Kvinner";"1933";"Personer";26
"F100G5+ 100 år eller eldre";"2 Kvinner";"1934";"Personer";24
"F100G5+ 100 år eller eldre";"2 Kvinner";"1935";"Personer";30
"F100G5+ 100 år eller eldre";"2 Kvinner";"1936";"Personer";27
"F100G5+ 100 år eller eldre";"2 Kvinner";"1937";"Personer";30
"F100G5+ 100 år eller eldre";"2 Kvinner";"1938";"Personer";31
"F100G5+ 100 år eller eldre";"2 Kvinner";"1939";"Personer";41
"F100G5+ 100 år eller eldre";"2 Kvinner";"1940";"Personer";33
"F100G5+ 100 år eller eldre";"2 Kvinner";"1941";"Personer";47
"F100G5+ 100 år eller eldre";"2 Kvinner";"1942";"Personer";45
"F100G5+ 100 år eller eldre";"2 Kvinner";"1943";"Personer";44
"F100G5+ 100 år eller eldre";"2 Kvinner";"1944";"Personer";51
"F100G5+ 100 år eller eldre";"2 Kvinner";"1945";"Personer";41
"F100G5+ 100 år eller eldre";"2 Kvinner";"1946";"Personer";39
"F100G5+ 100 år eller eldre";"2 Kvinner";"1947";"Personer";20
"F100G5+ 100 år eller eldre";"2 Kvinner";"1948";"Personer";27
"F100G5+ 100 år eller eldre";"2 Kvinner";"1949";"Personer";36
"F100G5+ 100 år eller eldre";"2 Kvinner";"1950";"Personer";31
"F100G5+ 100 år eller eldre";"2 Kvinner";"1951";"Personer";27
"F100G5+ 100 år eller eldre";"2 Kvinner";"1952";"Personer";40
"F100G5+ 100 år eller eldre";"2 Kvinner";"1953";"Personer";41
"F100G5+ 100 år eller eldre";"2 Kvinner";"1954";"Personer";49
"F100G5+ 100 år eller eldre";"2 Kvinner";"1955";"Personer";39
"F100G5+ 100 år eller eldre";"2 Kvinner";"1956";"Personer";26
"F100G5+ 100 år eller eldre";"2 Kvinner";"1957";"Personer";15
"F100G5+ 100 år eller eldre";"2 Kvinner";"1958";"Personer";11
"F100G5+ 100 år eller eldre";"2 Kvinner";"1959";"Personer";36
"F100G5+ 100 år eller eldre";"2 Kvinner";"1960";"Personer";25
"F100G5+ 100 år eller eldre";"2 Kvinner";"1961";"Personer";29
"F100G5+ 100 år eller eldre";"2 Kvinner";"1962";"Personer";31
"F100G5+ 100 år eller eldre";"2 Kvinner";"1963";"Personer";32
"F100G5+ 100 år eller eldre";"2 Kvinner";"1964";"Personer";36
"F100G5+ 100 år eller eldre";"2 Kvinner";"1965";"Personer";33
"F100G5+ 100 år eller eldre";"2 Kvinner";"1966";"Personer";34
"F100G5+ 100 år eller eldre";"2 Kvinner";"1967";"Personer";57
"F100G5+ 100 år eller eldre";"2 Kvinner";"1968";"Personer";60
"F100G5+ 100 år eller eldre";"2 Kvinner";"1969";"Personer";50
"F100G5+ 100 år eller eldre";"2 Kvinner";"1970";"Personer";57
"F100G5+ 100 år eller eldre";"2 Kvinner";"1971";"Personer";81
"F100G5+ 100 år eller eldre";"2 Kvinner";"1972";"Personer";69
"F100G5+ 100 år eller eldre";"2 Kvinner";"1973";"Personer";92
"F100G5+ 100 år eller eldre";"2 Kvinner";"1974";"Personer";87
"F100G5+ 100 år eller eldre";"2 Kvinner";"1975";"Personer";79
"F100G5+ 100 år eller eldre";"2 Kvinner";"1976";"Personer";89
"F100G5+ 100 år eller eldre";"2 Kvinner";"1977";"Personer";100
"F100G5+ 100 år eller eldre";"2 Kvinner";"1978";"Personer";112
"F100G5+ 100 år eller eldre";"2 Kvinner";"1979";"Personer";107
"F100G5+ 100 år eller eldre";"2 Kvinner";"1980";"Personer";113
"F100G5+ 100 år eller eldre";"2 Kvinner";"1981";"Personer";129
"F100G5+ 100 år eller eldre";"2 Kvinner";"1982";"Personer";129
"F100G5+ 100 år eller eldre";"2 Kvinner";"1983";"Personer";150
"F100G5+ 100 år eller eldre";"2 Kvinner";"1984";"Personer";173
"F100G5+ 100 år eller eldre";"2 Kvinner";"1985";"Personer";187
"F100G5+ 100 år eller eldre";"2 Kvinner";"1986";"Personer";184
"F100G5+ 100 år eller eldre";"2 Kvinner";"1987";"Personer";203
"F100G5+ 100 år eller eldre";"2 Kvinner";"1988";"Personer";232
"F100G5+ 100 år eller eldre";"2 Kvinner";"1989";"Personer";223
"F100G5+ 100 år eller eldre";"2 Kvinner";"1990";"Personer";226
"F100G5+ 100 år eller eldre";"2 Kvinner";"1991";"Personer";246
"F100G5+ 100 år eller eldre";"2 Kvinner";"1992";"Personer";268
"F100G5+ 100 år eller eldre";"2 Kvinner";"1993";"Personer";295
"F100G5+ 100 år eller eldre";"2 Kvinner";"1994";"Personer";303
"F100G5+ 100 år eller eldre";"2 Kvinner";"1995";"Personer";329
"F100G5+ 100 år eller eldre";"2 Kvinner";"1996";"Personer";336
"F100G5+ 100 år eller eldre";"2 Kvinner";"1997";"Personer";340
"F100G5+ 100 år eller eldre";"2 Kvinner";"1998";"Personer";351
"F100G5+ 100 år eller eldre";"2 Kvinner";"1999";"Personer";346
"F100G5+ 100 år eller eldre";"2 Kvinner";"2000";"Personer";351
"F100G5+ 100 år eller eldre";"2 Kvinner";"2001";"Personer";353
"F100G5+ 100 år eller eldre";"2 Kvinner";"2002";"Personer";363
"F100G5+ 100 år eller eldre";"2 Kvinner";"2003";"Personer";378
"F100G5+ 100 år eller eldre";"2 Kvinner";"2004";"Personer";402
"F100G5+ 100 år eller eldre";"2 Kvinner";"2005";"Personer";438
"F100G5+ 100 år eller eldre";"2 Kvinner";"2006";"Personer";447
"F100G5+ 100 år eller eldre";"2 Kvinner";"2007";"Personer";495
"F100G5+ 100 år eller eldre";"2 Kvinner";"2008";"Personer";510
"F100G5+ 100 år eller eldre";"2 Kvinner";"2009";"Personer";536
"F100G5+ 100 år eller eldre";"2 Kvinner";"2010";"Personer";533
"F100G5+ 100 år eller eldre";"2 Kvinner";"2011";"Personer";551
"F100G5+ 100 år eller eldre";"2 Kvinner";"2012";"Personer";617
"F100G5+ 100 år eller eldre";"2 Kvinner";"2013";"Personer";656
"F100G5+ 100 år eller eldre";"2 Kvinner";"2014";"Personer";684
"F100G5+ 100 år eller eldre";"2 Kvinner";"2015";"Personer";729
"F100G5+ 100 år eller eldre";"2 Kvinner";"2016";"Personer";788
"F100G5+ 100 år eller eldre";"2 Kvinner";"2017";"Personer";795
"F100G5+ 100 år eller eldre";"2 Kvinner";"2018";"Personer";853