[{"region":"K-3001 Halden","xVal":595.35,"yVal":46.96},
{"region":"K-3002 Moss","xVal":127.75,"yVal":10.02},
{"region":"K-3003 Sarpsborg","xVal":369.76,"yVal":35.84},
{"region":"K-3004 Fredrikstad","xVal":283.79,"yVal":8.77},
{"region":"K-3005 Drammen","xVal":305.12,"yVal":12.56},
{"region":"K-3006 Kongsberg","xVal":754.41,"yVal":38.68},
{"region":"K-3007 Ringerike","xVal":1421.87,"yVal":133.24},
{"region":"K-3011 Hvaler","xVal":90.06,"yVal":0.06},
{"region":"K-3012 Aremark","xVal":281.94,"yVal":37.33},
{"region":"K-3013 Marker","xVal":367.67,"yVal":45.23},
{"region":"K-3014 Indre Østfold","xVal":755.23,"yVal":36.54},
{"region":"K-3015 Skiptvet","xVal":93.03,"yVal":8.17},
{"region":"K-3016 Rakkestad","xVal":420.82,"yVal":14.06},
{"region":"K-3017 Råde","xVal":105.35,"yVal":13.42},
{"region":"K-3018 Våler (Østfold)","xVal":238.89,"yVal":18.07},
{"region":"K-3019 Vestby","xVal":133.65,"yVal":0.32},
{"region":"K-3020 Nordre Follo","xVal":196.40,"yVal":6.60},
{"region":"K-3021 Ås","xVal":100.84,"yVal":1.84},
{"region":"K-3022 Frogn","xVal":84.69,"yVal":1.01},
{"region":"K-3023 Nesodden","xVal":60.74,"yVal":0.72},
{"region":"K-3024 Bærum","xVal":188.76,"yVal":3.53},
{"region":"K-3025 Asker","xVal":364.44,"yVal":12.18},
{"region":"K-3026 Aurskog-Høland","xVal":1052.58,"yVal":92.22},
{"region":"K-3027 Rælingen","xVal":56.44,"yVal":15.24},
{"region":"K-3028 Enebakk","xVal":195.45,"yVal":37.13},
{"region":"K-3029 Lørenskog","xVal":67.27,"yVal":3.28},
{"region":"K-3030 Lillestrøm","xVal":409.91,"yVal":46.70},
{"region":"K-3031 Nittedal","xVal":179.44,"yVal":6.79},
{"region":"K-3032 Gjerdrum","xVal":82.17,"yVal":1.02},
{"region":"K-3033 Ullensaker","xVal":250.36,"yVal":2.09},
{"region":"K-3034 Nes","xVal":611.94,"yVal":28.83},
{"region":"K-3035 Eidsvoll","xVal":385.56,"yVal":70.94},
{"region":"K-3036 Nannestad","xVal":324.24,"yVal":16.74},
{"region":"K-3037 Hurdal","xVal":261.02,"yVal":23.93},
{"region":"K-3038 Hole","xVal":134.64,"yVal":58.04},
{"region":"K-3039 Flå","xVal":670.73,"yVal":33.68},
{"region":"K-3040 Nesbyen","xVal":771.55,"yVal":38.08},
{"region":"K-3041 Gol","xVal":514.06,"yVal":18.44},
{"region":"K-3042 Hemsedal","xVal":711.76,"yVal":41.76},
{"region":"K-3043 Ål","xVal":1081.49,"yVal":93.49},
{"region":"K-3044 Hol","xVal":1653.33,"yVal":201.21},
{"region":"K-3045 Sigdal","xVal":811.29,"yVal":31.07},
{"region":"K-3046 Krødsherad","xVal":339.76,"yVal":34.72},
{"region":"K-3047 Modum","xVal":463.14,"yVal":54.10},
{"region":"K-3048 Øvre Eiker","xVal":417.91,"yVal":38.78},
{"region":"K-3049 Lier","xVal":281.90,"yVal":19.75},
{"region":"K-3050 Flesberg","xVal":537.79,"yVal":24.13},
{"region":"K-3051 Rollag","xVal":429.81,"yVal":19.48},
{"region":"K-3052 Nore og Uvdal","xVal":2265.79,"yVal":236.37},
{"region":"K-3053 Jevnaker","xVal":194.36,"yVal":31.35},
{"region":"K-3054 Lunner","xVal":271.71,"yVal":20.13},
{"region":"K-0301 Oslo","xVal":426.40,"yVal":27.72},
{"region":"K-3401 Kongsvinger","xVal":952.82,"yVal":83.63},
{"region":"K-3403 Hamar","xVal":337.63,"yVal":13.31},
{"region":"K-3405 Lillehammer","xVal":450.92,"yVal":27.24},
{"region":"K-3407 Gjøvik","xVal":628.90,"yVal":42.21},
{"region":"K-3411 Ringsaker","xVal":1122.56,"yVal":157.53},
{"region":"K-3412 Løten","xVal":362.29,"yVal":7.15},
{"region":"K-3413 Stange","xVal":640.97,"yVal":83.30},
{"region":"K-3414 Nord-Odal","xVal":475.43,"yVal":32.71},
{"region":"K-3415 Sør-Odal","xVal":479.04,"yVal":37.70},
{"region":"K-3416 Eidskog","xVal":603.35,"yVal":37.04},
{"region":"K-3417 Grue","xVal":777.54,"yVal":59.64},
{"region":"K-3418 Åsnes","xVal":1004.06,"yVal":36.87},
{"region":"K-3419 Våler (Hedmark)","xVal":677.70,"yVal":27.59},
{"region":"K-3420 Elverum","xVal":1209.14,"yVal":20.14},
{"region":"K-3421 Trysil","xVal":2940.76,"yVal":73.65},
{"region":"K-3422 Åmot","xVal":1293.31,"yVal":46.61},
{"region":"K-3423 Stor-Elvdal","xVal":2126.99,"yVal":38.79},
{"region":"K-3424 Rendalen","xVal":3060.84,"yVal":118.68},
{"region":"K-3425 Engerdal","xVal":1915.89,"yVal":280.66},
{"region":"K-3426 Tolga","xVal":1097.26,"yVal":25.34},
{"region":"K-3427 Tynset","xVal":1822.70,"yVal":57.80},
{"region":"K-3428 Alvdal","xVal":919.08,"yVal":23.07},
{"region":"K-3429 Folldal","xVal":1260.08,"yVal":16.80},
{"region":"K-3430 Os","xVal":1006.74,"yVal":33.67},
{"region":"K-3431 Dovre","xVal":1349.22,"yVal":15.17},
{"region":"K-3432 Lesja","xVal":2169.14,"yVal":90.36},
{"region":"K-3433 Skjåk","xVal":1966.67,"yVal":108.85},
{"region":"K-3434 Lom","xVal":1887.26,"yVal":81.30},
{"region":"K-3435 Vågå","xVal":1251.95,"yVal":78.05},
{"region":"K-3436 Nord-Fron","xVal":1091.83,"yVal":49.50},
{"region":"K-3437 Sel","xVal":888.48,"yVal":16.57},
{"region":"K-3438 Sør-Fron","xVal":711.55,"yVal":30.66},
{"region":"K-3439 Ringebu","xVal":1221.33,"yVal":26.25},
{"region":"K-3440 Øyer","xVal":616.25,"yVal":23.67},
{"region":"K-3441 Gausdal","xVal":1146.37,"yVal":44.79},
{"region":"K-3442 Østre Toten","xVal":485.48,"yVal":77.09},
{"region":"K-3443 Vestre Toten","xVal":232.48,"yVal":18.18},
{"region":"K-3446 Gran","xVal":656.67,"yVal":99.98},
{"region":"K-3447 Søndre Land","xVal":659.15,"yVal":69.21},
{"region":"K-3448 Nordre Land","xVal":920.49,"yVal":34.83},
{"region":"K-3449 Sør-Aurdal","xVal":1068.24,"yVal":40.81},
{"region":"K-3450 Etnedal","xVal":442.75,"yVal":16.40},
{"region":"K-3451 Nord-Aurdal","xVal":849.14,"yVal":57.34},
{"region":"K-3452 Vestre Slidre","xVal":415.18,"yVal":41.98},
{"region":"K-3453 Øystre Slidre","xVal":885.51,"yVal":83.73},
{"region":"K-3454 Vang","xVal":1310.00,"yVal":195.45},
{"region":"K-3801 Horten","xVal":69.10,"yVal":1.86},
{"region":"K-3802 Holmestrand","xVal":411.82,"yVal":20.54},
{"region":"K-3803 Tønsberg","xVal":326.10,"yVal":3.16},
{"region":"K-3804 Sandefjord","xVal":414.25,"yVal":8.01},
{"region":"K-3805 Larvik","xVal":771.42,"yVal":41.47},
{"region":"K-3806 Porsgrunn","xVal":160.78,"yVal":3.67},
{"region":"K-3807 Skien","xVal":718.99,"yVal":60.21},
{"region":"K-3808 Notodden","xVal":912.00,"yVal":71.89},
{"region":"K-3811 Færder","xVal":99.71,"yVal":0.24},
{"region":"K-3812 Siljan","xVal":202.20,"yVal":11.76},
{"region":"K-3813 Bamble","xVal":282.38,"yVal":21.99},
{"region":"K-3814 Kragerø","xVal":288.64,"yVal":16.83},
{"region":"K-3815 Drangedal","xVal":995.29,"yVal":67.49},
{"region":"K-3816 Nome","xVal":385.41,"yVal":44.27},
{"region":"K-3817 Midt-Telemark","xVal":487.07,"yVal":31.44},
{"region":"K-3818 Tinn","xVal":1848.01,"yVal":197.12},
{"region":"K-3819 Hjartdal","xVal":737.13,"yVal":54.48},
{"region":"K-3820 Seljord","xVal":669.27,"yVal":45.82},
{"region":"K-3821 Kviteseid","xVal":623.05,"yVal":85.42},
{"region":"K-3822 Nissedal","xVal":785.90,"yVal":119.27},
{"region":"K-3823 Fyresdal","xVal":1106.75,"yVal":173.28},
{"region":"K-3824 Tokke","xVal":904.64,"yVal":79.94},
{"region":"K-3825 Vinje","xVal":2724.86,"yVal":380.99},
{"region":"K-4201 Risør","xVal":179.02,"yVal":13.95},
{"region":"K-4202 Grimstad","xVal":272.36,"yVal":31.23},
{"region":"K-4203 Arendal","xVal":255.13,"yVal":15.07},
{"region":"K-4204 Kristiansand","xVal":610.26,"yVal":34.35},
{"region":"K-4205 Lindesnes","xVal":883.18,"yVal":50.36},
{"region":"K-4206 Farsund","xVal":251.85,"yVal":10.71},
{"region":"K-4207 Flekkefjord","xVal":482.20,"yVal":61.89},
{"region":"K-4211 Gjerstad","xVal":307.65,"yVal":14.49},
{"region":"K-4212 Vegårshei","xVal":321.77,"yVal":33.88},
{"region":"K-4213 Tvedestrand","xVal":203.95,"yVal":11.10},
{"region":"K-4214 Froland","xVal":601.03,"yVal":43.51},
{"region":"K-4215 Lillesand","xVal":180.39,"yVal":9.93},
{"region":"K-4216 Birkenes","xVal":596.07,"yVal":41.29},
{"region":"K-4217 Åmli","xVal":1058.43,"yVal":72.18},
{"region":"K-4218 Iveland","xVal":246.30,"yVal":15.33},
{"region":"K-4219 Evje og Hornnes","xVal":548.59,"yVal":38.49},
{"region":"K-4220 Bygland","xVal":1150.35,"yVal":161.40},
{"region":"K-4221 Valle","xVal":1129.81,"yVal":135.45},
{"region":"K-4222 Bykle","xVal":1253.92,"yVal":213.18},
{"region":"K-4223 Vennesla","xVal":362.05,"yVal":22.43},
{"region":"K-4224 Åseral","xVal":796.99,"yVal":90.53},
{"region":"K-4225 Lyngdal","xVal":606.13,"yVal":36.67},
{"region":"K-4226 Hægebostad","xVal":424.26,"yVal":37.07},
{"region":"K-4227 Kvinesdal","xVal":886.51,"yVal":76.71},
{"region":"K-4228 Sirdal","xVal":1372.87,"yVal":181.42},
{"region":"K-1101 Eigersund","xVal":387.45,"yVal":45.04},
{"region":"K-1103 Stavanger","xVal":256.52,"yVal":6.00},
{"region":"K-1106 Haugesund","xVal":68.38,"yVal":4.31},
{"region":"K-1108 Sandnes","xVal":943.56,"yVal":97.00},
{"region":"K-1111 Sokndal","xVal":267.15,"yVal":27.83},
{"region":"K-1112 Lund","xVal":353.89,"yVal":54.51},
{"region":"K-1114 Bjerkreim","xVal":577.32,"yVal":73.24},
{"region":"K-1119 Hå","xVal":247.83,"yVal":10.17},
{"region":"K-1120 Klepp","xVal":102.36,"yVal":11.13},
{"region":"K-1121 Time","xVal":170.87,"yVal":12.32},
{"region":"K-1122 Gjesdal","xVal":558.23,"yVal":59.75},
{"region":"K-1124 Sola","xVal":68.83,"yVal":0.22},
{"region":"K-1127 Randaberg","xVal":24.11,"yVal":0.60},
{"region":"K-1130 Strand","xVal":235.75,"yVal":26.07},
{"region":"K-1133 Hjelmeland","xVal":948.05,"yVal":119.73},
{"region":"K-1134 Suldal","xVal":1582.52,"yVal":154.13},
{"region":"K-1135 Sauda","xVal":507.51,"yVal":39.05},
{"region":"K-1144 Kvitsøy","xVal":6.28,"yVal":0.01},
{"region":"K-1145 Bokn","xVal":44.57,"yVal":2.60},
{"region":"K-1146 Tysvær","xVal":399.89,"yVal":25.60},
{"region":"K-1149 Karmøy","xVal":219.55,"yVal":10.42},
{"region":"K-1151 Utsira","xVal":6.29,"yVal":0.03},
{"region":"K-1160 Vindafjord","xVal":598.73,"yVal":21.86},
{"region":"K-4601 Bergen","xVal":445.01,"yVal":19.72},
{"region":"K-4602 Kinn","xVal":762.99,"yVal":48.84},
{"region":"K-4611 Etne","xVal":691.16,"yVal":44.12},
{"region":"K-4612 Sveio","xVal":224.27,"yVal":21.88},
{"region":"K-4613 Bømlo","xVal":235.46,"yVal":11.12},
{"region":"K-4614 Stord","xVal":137.45,"yVal":6.28},
{"region":"K-4615 Fitjar","xVal":134.47,"yVal":7.99},
{"region":"K-4616 Tysnes","xVal":245.18,"yVal":9.94},
{"region":"K-4617 Kvinnherad","xVal":1042.67,"yVal":48.08},
{"region":"K-4618 Ullensvang","xVal":2970.20,"yVal":266.43},
{"region":"K-4619 Eidfjord","xVal":1382.01,"yVal":109.49},
{"region":"K-4620 Ulvik","xVal":663.23,"yVal":58.78},
{"region":"K-4621 Voss","xVal":1957.86,"yVal":84.11},
{"region":"K-4622 Kvam","xVal":580.41,"yVal":36.54},
{"region":"K-4623 Samnanger","xVal":257.41,"yVal":11.66},
{"region":"K-4624 Bjørnafjorden","xVal":487.22,"yVal":30.19},
{"region":"K-4625 Austevoll","xVal":114.28,"yVal":2.95},
{"region":"K-4626 Øygarden","xVal":300.35,"yVal":14.16},
{"region":"K-4627 Askøy","xVal":94.40,"yVal":6.70},
{"region":"K-4628 Vaksdal","xVal":682.27,"yVal":33.11},
{"region":"K-4629 Modalen","xVal":379.07,"yVal":32.92},
{"region":"K-4630 Osterøy","xVal":243.70,"yVal":11.42},
{"region":"K-4631 Alver","xVal":650.57,"yVal":28.58},
{"region":"K-4632 Austrheim","xVal":56.81,"yVal":0.74},
{"region":"K-4633 Fedje","xVal":8.94,"yVal":0.33},
{"region":"K-4634 Masfjorden","xVal":509.46,"yVal":46.62},
{"region":"K-4635 Gulen","xVal":575.18,"yVal":22.17},
{"region":"K-4636 Solund","xVal":219.10,"yVal":9.11},
{"region":"K-4637 Hyllestad","xVal":247.76,"yVal":11.14},
{"region":"K-4638 Høyanger","xVal":929.55,"yVal":73.46},
{"region":"K-4639 Vik","xVal":794.92,"yVal":38.30},
{"region":"K-4640 Sogndal","xVal":1229.15,"yVal":28.69},
{"region":"K-4641 Aurland","xVal":1376.20,"yVal":91.50},
{"region":"K-4642 Lærdal","xVal":1275.43,"yVal":67.10},
{"region":"K-4643 Årdal","xVal":930.05,"yVal":46.53},
{"region":"K-4644 Luster","xVal":2596.73,"yVal":109.62},
{"region":"K-4645 Askvoll","xVal":312.89,"yVal":13.34},
{"region":"K-4646 Fjaler","xVal":390.07,"yVal":26.52},
{"region":"K-4647 Sunnfjord","xVal":2065.32,"yVal":142.80},
{"region":"K-4648 Bremanger","xVal":786.43,"yVal":46.70},
{"region":"K-4649 Stad","xVal":694.52,"yVal":58.26},
{"region":"K-4650 Gloppen","xVal":962.64,"yVal":67.89},
{"region":"K-4651 Stryn","xVal":1325.85,"yVal":56.17},
{"region":"K-1505 Kristiansund","xVal":86.17,"yVal":1.27},
{"region":"K-1506 Molde","xVal":1434.93,"yVal":68.43},
{"region":"K-1507 Ålesund","xVal":607.34,"yVal":25.10},
{"region":"K-1511 Vanylven","xVal":365.07,"yVal":20.04},
{"region":"K-1514 Sande","xVal":90.17,"yVal":3.07},
{"region":"K-1515 Herøy (Møre og Romsdal)","xVal":118.02,"yVal":1.51},
{"region":"K-1516 Ulstein","xVal":94.89,"yVal":2.32},
{"region":"K-1517 Hareid","xVal":76.82,"yVal":5.45},
{"region":"K-1520 Ørsta","xVal":649.63,"yVal":11.96},
{"region":"K-1525 Stranda","xVal":844.64,"yVal":21.23},
{"region":"K-1528 Sykkylven","xVal":328.54,"yVal":9.26},
{"region":"K-1531 Sula","xVal":57.06,"yVal":1.45},
{"region":"K-1532 Giske","xVal":39.92,"yVal":0.66},
{"region":"K-1535 Vestnes","xVal":399.21,"yVal":5.38},
{"region":"K-1539 Rauma","xVal":1389.95,"yVal":59.32},
{"region":"K-1547 Aukra","xVal":60.55,"yVal":0.10},
{"region":"K-1554 Averøy","xVal":172.88,"yVal":2.81},
{"region":"K-1557 Gjemnes","xVal":371.08,"yVal":10.55},
{"region":"K-1560 Tingvoll","xVal":321.62,"yVal":15.19},
{"region":"K-1563 Sunndal","xVal":1647.99,"yVal":65.38},
{"region":"K-1566 Surnadal","xVal":1315.05,"yVal":50.99},
{"region":"K-1573 Smøla","xVal":261.09,"yVal":10.82},
{"region":"K-1576 Aure","xVal":621.50,"yVal":19.77},
{"region":"K-1577 Volda","xVal":833.62,"yVal":43.25},
{"region":"K-1578 Fjord","xVal":1144.06,"yVal":46.52},
{"region":"K-1579 Hustadvika","xVal":507.69,"yVal":14.21},
{"region":"K-5001 Trondheim","xVal":496.47,"yVal":32.13},
{"region":"K-5006 teinkj","xVal":1937.20,"yVal":184.86},
{"region":"K-5007 Namsos","xVal":1998.06,"yVal":134.57},
{"region":"K-5014 Frøya","xVal":229.92,"yVal":11.39},
{"region":"K-5020 Osen","xVal":369.62,"yVal":17.48},
{"region":"K-5021 Oppdal","xVal":2201.45,"yVal":72.67},
{"region":"K-5022 Rennebu","xVal":923.85,"yVal":24.11},
{"region":"K-5025 Røros","xVal":1756.37,"yVal":200.10},
{"region":"K-5026 Holtålen","xVal":1170.45,"yVal":39.04},
{"region":"K-5027 Midtre Gauldal","xVal":1803.31,"yVal":57.20},
{"region":"K-5028 Melhus","xVal":653.28,"yVal":41.13},
{"region":"K-5029 Skaun","xVal":213.18,"yVal":11.03},
{"region":"K-5031 Malvik","xVal":161.87,"yVal":6.57},
{"region":"K-5032 Selbu","xVal":1139.93,"yVal":94.92},
{"region":"K-5033 Tydal","xVal":1217.37,"yVal":111.28},
{"region":"K-5034 Meråker","xVal":1188.06,"yVal":85.88},
{"region":"K-5035 Stjørdal","xVal":913.46,"yVal":24.81},
{"region":"K-5036 Frosta","xVal":74.28,"yVal":2.04},
{"region":"K-5037 Levanger","xVal":609.74,"yVal":36.07},
{"region":"K-5038 Verdal","xVal":1474.87,"yVal":72.92},
{"region":"K-5041 Snåase - Snåsa","xVal":2145.70,"yVal":196.96},
{"region":"K-5042 Lierne","xVal":2630.44,"yVal":331.27},
{"region":"K-5043 Raarvihke - Røyrvik","xVal":1329.63,"yVal":255.12},
{"region":"K-5044 Namsskogan","xVal":1353.11,"yVal":64.05},
{"region":"K-5045 Grong","xVal":1095.31,"yVal":40.86},
{"region":"K-5046 Høylandet","xVal":702.64,"yVal":52.04},
{"region":"K-5047 Overhalla","xVal":689.08,"yVal":40.71},
{"region":"K-5049 Flatanger","xVal":433.51,"yVal":25.20},
{"region":"K-5052 Leka","xVal":108.34,"yVal":1.79},
{"region":"K-5053 Inderøy","xVal":351.15,"yVal":14.52},
{"region":"K-5054 Indre Fosen","xVal":1030.41,"yVal":65.57},
{"region":"K-5055 Heim","xVal":980.34,"yVal":44.22},
{"region":"K-5056 Hitra","xVal":715.27,"yVal":40.62},
{"region":"K-5057 Ørland","xVal":429.07,"yVal":28.07},
{"region":"K-5058 Åfjord","xVal":1250.57,"yVal":78.85},
{"region":"K-5059 Orkland","xVal":1817.73,"yVal":88.53},
{"region":"K-5060 Nærøysund","xVal":1286.31,"yVal":59.85},
{"region":"K-5061 Rindal","xVal":611.94,"yVal":20.01},
{"region":"K-1804 Bodø","xVal":1311.02,"yVal":84.30},
{"region":"K-1806 Narvik","xVal":3195.30,"yVal":236.87},
{"region":"K-1811 Bindal","xVal":1192.23,"yVal":73.84},
{"region":"K-1812 Sømna","xVal":191.61,"yVal":3.59},
{"region":"K-1813 Brønnøy","xVal":998.88,"yVal":47.16},
{"region":"K-1815 Vega","xVal":162.54,"yVal":2.25},
{"region":"K-1816 Vevelstad","xVal":516.24,"yVal":22.81},
{"region":"K-1818 Herøy (Nordland)","xVal":63.89,"yVal":0.57},
{"region":"K-1820 Alstahaug","xVal":187.19,"yVal":0.97},
{"region":"K-1822 Leirfjord","xVal":450.82,"yVal":14.44},
{"region":"K-1824 Vefsn","xVal":1838.13,"yVal":91.28},
{"region":"K-1825 Grane","xVal":1881.47,"yVal":122.69},
{"region":"K-1826 Hattfjelldal","xVal":2411.13,"yVal":273.19},
{"region":"K-1827 Dønna","xVal":186.33,"yVal":6.23},
{"region":"K-1828 Nesna","xVal":181.29,"yVal":1.90},
{"region":"K-1832 Hemnes","xVal":1430.07,"yVal":159.44},
{"region":"K-1833 Rana","xVal":4202.92,"yVal":257.28},
{"region":"K-1834 Lurøy","xVal":258.23,"yVal":6.96},
{"region":"K-1835 Træna","xVal":16.45,"yVal":0.06},
{"region":"K-1836 Rødøy","xVal":685.82,"yVal":25.47},
{"region":"K-1837 Meløy","xVal":798.08,"yVal":75.76},
{"region":"K-1838 Gildeskål","xVal":622.26,"yVal":42.44},
{"region":"K-1839 Beiarn","xVal":1178.74,"yVal":43.58},
{"region":"K-1840 Saltdal","xVal":2083.93,"yVal":132.26},
{"region":"K-1841 Fauske - Fuosko","xVal":1107.50,"yVal":89.48},
{"region":"K-1845 Sørfold","xVal":1472.10,"yVal":165.32},
{"region":"K-1848 Steigen","xVal":963.57,"yVal":45.69},
{"region":"K-1851 Lødingen","xVal":507.66,"yVal":19.75},
{"region":"K-1853 Evenes - Evenássi","xVal":241.46,"yVal":11.33},
{"region":"K-1856 Røst","xVal":9.78,"yVal":0.34},
{"region":"K-1857 Værøy","xVal":18.60,"yVal":0.04},
{"region":"K-1859 Flakstad","xVal":169.13,"yVal":9.32},
{"region":"K-1860 Vestvågøy","xVal":407.00,"yVal":17.30},
{"region":"K-1865 Vågan","xVal":459.95,"yVal":19.23},
{"region":"K-1866 Hadsel","xVal":550.68,"yVal":15.88},
{"region":"K-1867 Bø","xVal":234.87,"yVal":11.83},
{"region":"K-1868 Øksnes","xVal":310.72,"yVal":8.88},
{"region":"K-1870 Sortland - Suortá","xVal":697.35,"yVal":24.60},
{"region":"K-1871 Andøy","xVal":616.78,"yVal":39.41},
{"region":"K-1874 Moskenes","xVal":110.47,"yVal":8.32},
{"region":"K-1875 Hamarøy","xVal":1837.61,"yVal":182.84},
{"region":"K-5401 Tromsø","xVal":2473.78,"yVal":47.00},
{"region":"K-5402 Harstad","xVal":428.47,"yVal":16.80},
{"region":"K-5403 Alta","xVal":3652.82,"yVal":196.78},
{"region":"K-5404 Vardø","xVal":585.58,"yVal":15.03},
{"region":"K-5405 Vadsø","xVal":1233.75,"yVal":24.10},
{"region":"K-5406 Hammerfest","xVal":2558.04,"yVal":134.53},
{"region":"K-5411 Kvæfjord","xVal":497.31,"yVal":15.32},
{"region":"K-5412 Tjeldsund","xVal":774.65,"yVal":39.76},
{"region":"K-5413 Ibestad","xVal":234.16,"yVal":6.91},
{"region":"K-5414 Gratangen","xVal":305.48,"yVal":7.27},
{"region":"K-5415 Loabák - Lavangen","xVal":296.10,"yVal":5.53},
{"region":"K-5416 Bardu","xVal":2513.60,"yVal":190.29},
{"region":"K-5417 Salangen","xVal":437.92,"yVal":20.08},
{"region":"K-5418 Målselv","xVal":3202.51,"yVal":123.83},
{"region":"K-5419 Sørreisa","xVal":346.67,"yVal":16.28},
{"region":"K-5420 Dyrøy","xVal":276.96,"yVal":11.58},
{"region":"K-5421 Senja","xVal":1859.76,"yVal":94.13},
{"region":"K-5422 Balsfjord","xVal":1440.05,"yVal":56.88},
{"region":"K-5423 Karlsøy","xVal":1050.60,"yVal":40.96},
{"region":"K-5424 Lyngen","xVal":795.62,"yVal":16.96},
{"region":"K-5425 Storfjord - Omasvuotna - Omasvuono","xVal":1476.69,"yVal":66.05},
{"region":"K-5426 Gáivuotna - Kåfjord - Kaivuono","xVal":950.02,"yVal":41.22},
{"region":"K-5427 Skjervøy","xVal":465.21,"yVal":8.68},
{"region":"K-5428 Nordreisa","xVal":3336.15,"yVal":101.66},
{"region":"K-5429 Kvænangen","xVal":2008.47,"yVal":100.84},
{"region":"K-5430 Guovdageaidnu - Kautokeino","xVal":8968.87,"yVal":738.48},
{"region":"K-5432 Loppa","xVal":670.94,"yVal":17.94},
{"region":"K-5433 Hasvik","xVal":534.05,"yVal":21.52},
{"region":"K-5434 Måsøy","xVal":1067.50,"yVal":68.33},
{"region":"K-5435 Nordkapp","xVal":891.59,"yVal":34.10},
{"region":"K-5436 Porsanger - Porsángu - Porsanki ","xVal":4640.29,"yVal":232.29},
{"region":"K-5437 Kárásjohka - Karasjok","xVal":5209.57,"yVal":243.38},
{"region":"K-5438 Lebesby","xVal":3232.34,"yVal":227.08},
{"region":"K-5439 Gamvik","xVal":1354.87,"yVal":61.47},
{"region":"K-5440 Berlevåg","xVal":1082.78,"yVal":39.01},
{"region":"K-5441 Deatnu - Tana","xVal":3832.63,"yVal":218.71},
{"region":"K-5442 Unjárga - Nesseby","xVal":1365.92,"yVal":71.02},
{"region":"K-5443 Båtsfjord","xVal":1416.05,"yVal":18.73},
{"region":"K-5444 Sør-Varanger","xVal":3458.84,"yVal":512.58},
{"region":"K-21-22 Svalbard and Jan Mayen","xVal":0.00,"yVal":0.00},
{"region":"K-23 Continental shelf","xVal":0.00,"yVal":0.00},
{"region":"K-Rest Divided municalities and unknown","xVal":0.00,"yVal":0.00}]