"01222: Population and changes during the quarter, by region, contents and quarter"

"region";"Population at the beginning of the quarter 2021K2";"Births 2021K2";"Deaths 2021K2";"Excess of births 2021K2"
"30 Viken";1255929;3147;2169;978
"03 Oslo";697028;2572;902;1670
"34 Innlandet";370905;737;913;-176
"38 Vestfold and Telemark";422317;939;842;97
"42 Agder";309198;807;522;285
"11 Rogaland";483539;1468;739;729
"46 Vestland";639520;1756;1050;706
"15 Møre og Romsdal";265647;664;524;140
"50 Trøndelag - Trööndelage";471882;1320;807;513
"18 Nordland - Nordlánnda";240559;583;527;56
"54 Troms og Finnmark - Romsa ja Finnmárku";242280;585;480;105
"21 Svalbard";0;0;0;0
