"region";"kvartal";"statistikkvariabel";"value"
"30 Viken";"2021K2";"population";1255929
"30 Viken";"2021K2";"born";3147
"30 Viken";"2021K2";"dead";2169
"30 Viken";"2021K2";"birthsurplus";978
"30 Viken";"2021K2";"Innvandring";2900
"30 Viken";"2021K2";"Utvandring";2490
"30 Viken";"2021K2";"Innflytting, innalandsk";10610
"30 Viken";"2021K2";"Utflytting, innalandsk";7093
"30 Viken";"2021K2";"Nettoinnflytting, inkl. inn- og utvandring";3927
"30 Viken";"2021K2";"Folkevekst";4905
"30 Viken";"2021K2";"Befolkning ved utgangen av kvartalet";1260834
"03 Oslo";"2021K2";"population";697028
"03 Oslo";"2021K2";"born";2572
"03 Oslo";"2021K2";"dead";902
"03 Oslo";"2021K2";"birthsurplus";1670
"03 Oslo";"2021K2";"Innvandring";2325
"03 Oslo";"2021K2";"Utvandring";2880
"03 Oslo";"2021K2";"Innflytting, innalandsk";7536
"03 Oslo";"2021K2";"Utflytting, innalandsk";9591
"03 Oslo";"2021K2";"Nettoinnflytting, inkl. inn- og utvandring";-2610
"03 Oslo";"2021K2";"Folkevekst";-940
"03 Oslo";"2021K2";"Befolkning ved utgangen av kvartalet";696088
"34 Innlandet";"2021K2";"population";370905
"34 Innlandet";"2021K2";"born";737
"34 Innlandet";"2021K2";"dead";913
"34 Innlandet";"2021K2";"birthsurplus";-176
"34 Innlandet";"2021K2";"Innvandring";540
"34 Innlandet";"2021K2";"Utvandring";523
"34 Innlandet";"2021K2";"Innflytting, innalandsk";2253
"34 Innlandet";"2021K2";"Utflytting, innalandsk";2259
"34 Innlandet";"2021K2";"Nettoinnflytting, inkl. inn- og utvandring";11
"34 Innlandet";"2021K2";"Folkevekst";-165
"34 Innlandet";"2021K2";"Befolkning ved utgangen av kvartalet";370740
"38 Vestfold og Telemark";"2021K2";"population";422317
"38 Vestfold og Telemark";"2021K2";"born";939
"38 Vestfold og Telemark";"2021K2";"dead";842
"38 Vestfold og Telemark";"2021K2";"birthsurplus";97
"38 Vestfold og Telemark";"2021K2";"Innvandring";696
"38 Vestfold og Telemark";"2021K2";"Utvandring";626
"38 Vestfold og Telemark";"2021K2";"Innflytting, innalandsk";2927
"38 Vestfold og Telemark";"2021K2";"Utflytting, innalandsk";2218
"38 Vestfold og Telemark";"2021K2";"Nettoinnflytting, inkl. inn- og utvandring";779
"38 Vestfold og Telemark";"2021K2";"Folkevekst";876
"38 Vestfold og Telemark";"2021K2";"Befolkning ved utgangen av kvartalet";423193
"42 Agder";"2021K2";"population";309198
"42 Agder";"2021K2";"born";807
"42 Agder";"2021K2";"dead";522
"42 Agder";"2021K2";"birthsurplus";285
"42 Agder";"2021K2";"Innvandring";495
"42 Agder";"2021K2";"Utvandring";452
"42 Agder";"2021K2";"Innflytting, innalandsk";1681
"42 Agder";"2021K2";"Utflytting, innalandsk";1673
"42 Agder";"2021K2";"Nettoinnflytting, inkl. inn- og utvandring";51
"42 Agder";"2021K2";"Folkevekst";336
"42 Agder";"2021K2";"Befolkning ved utgangen av kvartalet";309534
"11 Rogaland";"2021K2";"population";483539
"11 Rogaland";"2021K2";"born";1468
"11 Rogaland";"2021K2";"dead";739
"11 Rogaland";"2021K2";"birthsurplus";729
"11 Rogaland";"2021K2";"Innvandring";1005
"11 Rogaland";"2021K2";"Utvandring";1330
"11 Rogaland";"2021K2";"Innflytting, innalandsk";2024
"11 Rogaland";"2021K2";"Utflytting, innalandsk";1838
"11 Rogaland";"2021K2";"Nettoinnflytting, inkl. inn- og utvandring";-139
"11 Rogaland";"2021K2";"Folkevekst";590
"11 Rogaland";"2021K2";"Befolkning ved utgangen av kvartalet";484129
"46 Vestland";"2021K2";"population";639520
"46 Vestland";"2021K2";"born";1756
"46 Vestland";"2021K2";"dead";1050
"46 Vestland";"2021K2";"birthsurplus";706
"46 Vestland";"2021K2";"Innvandring";1106
"46 Vestland";"2021K2";"Utvandring";1521
"46 Vestland";"2021K2";"Innflytting, innalandsk";2337
"46 Vestland";"2021K2";"Utflytting, innalandsk";2994
"46 Vestland";"2021K2";"Nettoinnflytting, inkl. inn- og utvandring";-1072
"46 Vestland";"2021K2";"Folkevekst";-366
"46 Vestland";"2021K2";"Befolkning ved utgangen av kvartalet";639154
"15 Møre og Romsdal";"2021K2";"population";265647
"15 Møre og Romsdal";"2021K2";"born";664
"15 Møre og Romsdal";"2021K2";"dead";524
"15 Møre og Romsdal";"2021K2";"birthsurplus";140
"15 Møre og Romsdal";"2021K2";"Innvandring";499
"15 Møre og Romsdal";"2021K2";"Utvandring";891
"15 Møre og Romsdal";"2021K2";"Innflytting, innalandsk";1297
"15 Møre og Romsdal";"2021K2";"Utflytting, innalandsk";1397
"15 Møre og Romsdal";"2021K2";"Nettoinnflytting, inkl. inn- og utvandring";-492
"15 Møre og Romsdal";"2021K2";"Folkevekst";-352
"15 Møre og Romsdal";"2021K2";"Befolkning ved utgangen av kvartalet";265295
"50 Trøndelag - Trööndelage";"2021K2";"population";471882
"50 Trøndelag - Trööndelage";"2021K2";"born";1320
"50 Trøndelag - Trööndelage";"2021K2";"dead";807
"50 Trøndelag - Trööndelage";"2021K2";"birthsurplus";513
"50 Trøndelag - Trööndelage";"2021K2";"Innvandring";858
"50 Trøndelag - Trööndelage";"2021K2";"Utvandring";1368
"50 Trøndelag - Trööndelage";"2021K2";"Innflytting, innalandsk";2073
"50 Trøndelag - Trööndelage";"2021K2";"Utflytting, innalandsk";2948
"50 Trøndelag - Trööndelage";"2021K2";"Nettoinnflytting, inkl. inn- og utvandring";-1385
"50 Trøndelag - Trööndelage";"2021K2";"Folkevekst";-872
"50 Trøndelag - Trööndelage";"2021K2";"Befolkning ved utgangen av kvartalet";471010
"18 Nordland - Nordlánnda";"2021K2";"population";240559
"18 Nordland - Nordlánnda";"2021K2";"born";583
"18 Nordland - Nordlánnda";"2021K2";"dead";527
"18 Nordland - Nordlánnda";"2021K2";"birthsurplus";56
"18 Nordland - Nordlánnda";"2021K2";"Innvandring";577
"18 Nordland - Nordlánnda";"2021K2";"Utvandring";546
"18 Nordland - Nordlánnda";"2021K2";"Innflytting, innalandsk";1305
"18 Nordland - Nordlánnda";"2021K2";"Utflytting, innalandsk";1437
"18 Nordland - Nordlánnda";"2021K2";"Nettoinnflytting, inkl. inn- og utvandring";-101
"18 Nordland - Nordlánnda";"2021K2";"Folkevekst";-45
"18 Nordland - Nordlánnda";"2021K2";"Befolkning ved utgangen av kvartalet";240514
"54 Troms og Finnmark - Romsa ja Finnmárku";"2021K2";"population";242280
"54 Troms og Finnmark - Romsa ja Finnmárku";"2021K2";"born";585
"54 Troms og Finnmark - Romsa ja Finnmárku";"2021K2";"dead";480
"54 Troms og Finnmark - Romsa ja Finnmárku";"2021K2";"birthsurplus";105
"54 Troms og Finnmark - Romsa ja Finnmárku";"2021K2";"Innvandring";634
"54 Troms og Finnmark - Romsa ja Finnmárku";"2021K2";"Utvandring";744
"54 Troms og Finnmark - Romsa ja Finnmárku";"2021K2";"Innflytting, innalandsk";1138
"54 Troms og Finnmark - Romsa ja Finnmárku";"2021K2";"Utflytting, innalandsk";1733
"54 Troms og Finnmark - Romsa ja Finnmárku";"2021K2";"Nettoinnflytting, inkl. inn- og utvandring";-705
"54 Troms og Finnmark - Romsa ja Finnmárku";"2021K2";"Folkevekst";-600
"54 Troms og Finnmark - Romsa ja Finnmárku";"2021K2";"Befolkning ved utgangen av kvartalet";241680
"21 Svalbard";"2021K2";"population";0
"21 Svalbard";"2021K2";"born";0
"21 Svalbard";"2021K2";"dead";0
"21 Svalbard";"2021K2";"birthsurplus";0
"21 Svalbard";"2021K2";"Innvandring";0
"21 Svalbard";"2021K2";"Utvandring";0
"21 Svalbard";"2021K2";"Innflytting, innalandsk";0
"21 Svalbard";"2021K2";"Utflytting, innalandsk";0
"21 Svalbard";"2021K2";"Nettoinnflytting, inkl. inn- og utvandring";0
"21 Svalbard";"2021K2";"Folkevekst";0
"21 Svalbard";"2021K2";"Befolkning ved utgangen av kvartalet";0